graph_id,average_degree,degree_std,min_degree,max_degree,triangle_count,average_clustering,transitivity,component_count,largest_component_fraction,spectral_radius,adjacency_spectral_gap,algebraic_connectivity,laplacian_spectral_radius,triangle_density,degree_assortativity,average_shortest_path_length,diameter
G0001,2.4,0.9165151389911681,1,4,2,0.25,0.2857142857142857,1,1.0,2.8703436949934114,1.1542248728900804,0.2975275062910873,5.548562226272669,0.016666666666666666,0.2727272727272727,2.422222222222222,5
G0002,2.8,0.9797958971132713,2,5,2,0.29333333333333333,0.2,1,1.0,3.0286695322747743,1.1507566366845012,0.9115153931977156,6.3058827524374506,0.016666666666666666,-0.4957264957264957,1.8888888888888888,3
G0003,3.0,1.2649110640673518,0,4,4,0.31666666666666665,0.3157894736842105,2,0.9,3.521539678603217,1.4698043545255373,6.661910148658002e-16,6.25995447884335,0.03333333333333333,-0.16379310344827583,1.75,3
G0004,3.2,1.2489995996796797,1,5,5,0.29333333333333333,0.3488372093023256,1,1.0,3.7070694382700706,1.739048698728282,0.7181514884725353,6.806169666518742,0.041666666666666664,-0.02752293577981651,1.9555555555555555,4
G0005,2.4,1.1135528725660044,1,4,2,0.2333333333333333,0.2608695652173913,1,1.0,2.8123212527063686,0.8033455876617062,0.4067569819777208,5.458004188916492,0.016666666666666666,-0.5104895104895106,2.2222222222222223,5
G0006,2.8,0.9797958971132713,2,5,3,0.2633333333333333,0.3,1,1.0,3.226875607443162,1.6190816444354803,0.6027604956630934,6.240867404951783,0.025,-0.017094017094017106,2.022222222222222,4
G0007,3.2,1.4000000000000001,1,5,5,0.36666666666666664,0.3333333333333333,1,1.0,3.77992394794046,2.2619640443821423,0.6045968128022939,6.790144093522424,0.041666666666666664,-0.1725768321513002,1.8888888888888888,4
G0008,3.0,1.0954451150103321,1,5,2,0.12,0.16666666666666666,1,1.0,3.3577932199703753,1.7622775255208043,0.8364011230429131,6.513762654130537,0.016666666666666666,-0.21794871794871792,1.8444444444444446,3
G0009,3.4,1.019803902718557,1,5,2,0.12666666666666665,0.13043478260869565,1,1.0,3.6854303994232227,2.2193411010319135,0.7721032332166997,7.169610538200616,0.016666666666666666,-0.21428571428571433,1.7777777777777777,3
G0010,3.0,1.4832396974191326,1,6,2,0.11333333333333333,0.14634146341463414,1,1.0,3.5787232304456165,2.2944553554076386,0.7406080859734019,7.580085530646368,0.016666666666666666,-0.4224137931034484,1.8888888888888888,4
G0011,4.166666666666667,1.7716909687891083,1,7,13,0.3448412698412698,0.3979591836734694,1,1.0,4.930425245457765,3.2972966330846205,0.7463119591658894,8.717812074154466,0.05909090909090909,-0.11031518624641842,1.7727272727272727,3
G0012,3.6666666666666665,1.7480147469502525,1,7,9,0.3067460317460317,0.35064935064935066,1,1.0,4.458040425680085,2.728286617991135,0.8073597515857626,8.215175426300176,0.04090909090909091,-0.152,1.893939393939394,4
G0013,4.333333333333333,2.0138409955990957,1,8,17,0.35734126984126985,0.4594594594594595,1,1.0,5.219804602221546,3.533822653477978,0.8383913138386364,9.359563392886006,0.07727272727272727,-0.18484383000512036,1.7272727272727273,3
G0014,3.6666666666666665,1.0274023338281628,2,5,5,0.21666666666666667,0.23076923076923078,1,1.0,3.995515023550456,1.9411238942180793,1.0668888355671522,7.676390535830661,0.022727272727272728,0.04783599088838266,1.8484848484848484,3
G0015,3.8333333333333335,1.404358295529393,2,6,5,0.2222222222222222,0.19480519480519481,1,1.0,4.278370032556418,2.618862237335363,1.5778079541007268,8.012423410985944,0.022727272727272728,-0.2495395948434623,1.7424242424242424,3
G0016,4.0,1.5811388300841898,1,7,8,0.26666666666666666,0.27586206896551724,1,1.0,4.598596915459343,2.730731893752379,0.7740138315041583,8.506667542737532,0.03636363636363636,-0.16526610644257705,1.803030303030303,4
G0017,4.0,1.4719601443879744,1,6,10,0.39166666666666666,0.35294117647058826,1,1.0,4.459699327163361,1.9921730201092096,0.8250246188626297,8.06501652176127,0.045454545454545456,-0.39049826187717274,1.7878787878787878,3
G0018,3.3333333333333335,1.3743685418725538,1,6,4,0.1638888888888889,0.20689655172413793,1,1.0,3.8202997400199363,1.9184153161421482,0.8256273309372985,7.606971559675143,0.01818181818181818,-0.33152173913043476,1.9090909090909092,4
G0019,4.166666666666667,1.0671873729054748,2,5,10,0.33888888888888885,0.3488372093023256,1,1.0,4.4168866568941905,1.6693554093611982,1.1566222598978815,7.531963959370083,0.045454545454545456,-0.22873345935727785,1.7575757575757576,3
G0020,4.5,1.6072751268321592,2,7,16,0.4595238095238095,0.43636363636363634,1,1.0,5.093548874812667,3.0989041246276083,1.3748011291734372,8.473933385251975,0.07272727272727272,-0.09385550303848761,1.6818181818181819,3
G0021,5.2,1.6,2,8,24,0.34079365079365076,0.39344262295081966,1,1.0,5.761561120173261,3.11850193171472,1.6810619634872435,9.70390538883516,0.05274725274725275,-0.007263922518159815,1.6952380952380952,3
G0022,4.266666666666667,1.5260697523012796,2,7,10,0.2961904761904762,0.2459016393442623,1,1.0,4.756314692859503,2.3925444294677867,1.1513164009035532,9.10258273666984,0.02197802197802198,-0.2182741116751269,1.8761904761904762,3
G0023,4.0,1.0327955589886444,2,6,6,0.14222222222222222,0.1836734693877551,1,1.0,4.329850859961273,2.152213819023927,1.2689931426328354,7.723121259322453,0.013186813186813187,0.06250000000000004,1.9142857142857144,3
G0024,4.666666666666667,1.5347819244295118,1,8,17,0.3744444444444444,0.3493150684931507,1,1.0,5.120812717310615,2.30347736721515,0.8327651962536453,9.496476429907574,0.03736263736263736,-0.2540257648953305,1.8,3
G0025,4.533333333333333,1.7074997966487595,2,9,17,0.3772486772486772,0.3591549295774648,1,1.0,5.155644311869125,2.588160063483386,1.4658607014507772,10.32995950002289,0.03736263736263736,-0.09651600753295668,1.819047619047619,3
G0026,4.933333333333334,1.9821424996424675,2,9,20,0.4633333333333333,0.34285714285714286,1,1.0,5.569143243652986,2.9782338397821024,1.6160317907602357,10.610739399261956,0.04395604395604396,-0.2988785958069236,1.723809523809524,3
G0027,4.666666666666667,1.4452988925785866,2,7,11,0.18730158730158727,0.22916666666666666,1,1.0,5.108951944274217,2.8791438309453965,1.5485391782965274,9.084821897892393,0.024175824175824177,-0.053563523683045705,1.7714285714285714,3
G0028,5.333333333333333,1.813529401164726,3,9,21,0.3715873015873016,0.3181818181818182,1,1.0,5.833281283361888,3.5928308395392197,2.1884683006155043,11.044338104079523,0.046153846153846156,-0.3171449595290654,1.6476190476190475,3
G0029,5.333333333333333,1.5776212754932308,2,8,24,0.39396825396825397,0.375,1,1.0,5.76958021485493,3.0219836067815584,1.6280555713628162,9.727933990457823,0.05274725274725275,-0.18159203980099486,1.6857142857142857,3
G0030,4.933333333333334,1.4817407180595248,2,7,14,0.2234920634920635,0.25925925925925924,1,1.0,5.384179041901146,3.290702792413117,1.5787314129140235,9.110226850219082,0.03076923076923077,-0.11948717948717953,1.7333333333333334,3
G0031,6.555555555555555,2.0875882475617704,3,11,46,0.41646624979958313,0.3760217983651226,1,1.0,7.174179053952507,4.571322946801726,2.2751485467092816,12.743090611729684,0.056372549019607844,-0.15215622457282357,1.6601307189542485,3
G0032,6.666666666666667,2.0816659994661326,3,12,54,0.4571508738175405,0.42744063324538256,1,1.0,7.275790277703596,4.169678031303927,2.4166894794140785,13.315609615729304,0.0661764705882353,-0.11667353789975829,1.6601307189542485,3
G0033,6.0,1.632993161855452,3,9,32,0.28068783068783065,0.32653061224489793,1,1.0,6.506200783410122,3.933651451841497,2.185414541391833,11.050323376859271,0.0392156862745098,0.01790281329923286,1.6797385620915033,3
G0034,5.111111111111111,2.1314806770278754,2,9,25,0.3448853615520282,0.32608695652173914,1,1.0,5.904140682916946,3.072851074452476,1.5691031760691259,10.627964026764557,0.030637254901960783,-0.2640449438202247,1.8235294117647058,3
G0035,5.555555555555555,1.8625616238044675,2,9,27,0.3075837742504409,0.3127413127413127,1,1.0,6.195469613113363,3.5684716465875255,1.2188295776361096,10.995538936086323,0.03308823529411765,-0.11052001595956909,1.7908496732026145,4
G0036,6.666666666666667,1.8257418583505538,4,10,46,0.3808201058201058,0.372972972972973,1,1.0,7.126890893702042,3.905353781390847,2.712109795222419,12.121513452585893,0.056372549019607844,-0.20731707317073184,1.6143790849673203,3
G0037,5.444444444444445,2.140151142695358,3,10,32,0.3755731922398589,0.37065637065637064,1,1.0,6.249488336882982,3.2455247703492858,2.211450497422281,11.39141025001073,0.0392156862745098,-0.13565891472868216,1.7516339869281046,3
G0038,5.888888888888889,2.446968393949471,2,11,42,0.39236812570145907,0.402555910543131,1,1.0,6.889710367734374,4.179276781649093,1.5955994458222202,12.246308221446329,0.051470588235294115,-0.10390002414875647,1.7647058823529411,3
G0039,5.777777777777778,1.651785416368723,3,8,32,0.3123015873015873,0.3516483516483517,1,1.0,6.343503740116768,3.2569432556157154,1.8484721015529384,10.691938533309886,0.0392156862745098,0.13214990138067065,1.7647058823529411,3
G0040,7.222222222222222,1.7812466157645996,4,12,59,0.41372454705788037,0.40877598152424943,1,1.0,7.639126210838666,4.391706087332196,3.06848717688085,13.489233982949408,0.07230392156862746,-0.07375130072840802,1.607843137254902,3
G0041,6.8,2.0639767440550294,2,11,51,0.35034992784992786,0.3501144164759725,1,1.0,7.382098482166555,4.408499635683132,1.8248375171564462,12.928011756833808,0.04473684210526316,-0.23921862322910822,1.6894736842105262,3
G0042,6.4,2.083266665599966,3,11,44,0.3210786435786436,0.3393316195372751,1,1.0,7.050659432684295,4.131653634903092,2.4272747036511166,12.662023319424778,0.03859649122807018,-0.1346879045421287,1.7105263157894737,3
G0043,6.2,1.6309506430300091,2,10,40,0.3830952380952381,0.3438395415472779,1,1.0,6.639688074159659,3.347991491379366,1.5438620488645463,11.794891482826387,0.03508771929824561,-0.04490520013305255,1.768421052631579,3
G0044,8.5,1.6278820596099706,6,13,97,0.4292046842046842,0.4382530120481928,1,1.0,8.832970953905111,5.3222393064912366,4.614487605253641,14.484718208569813,0.08508771929824561,0.003729355354288765,1.5526315789473684,2
G0045,5.6,2.1999999999999997,2,11,30,0.33141414141414144,0.29411764705882354,1,1.0,6.373766210462645,3.3849497775863777,1.4793483035175257,12.398870642680475,0.02631578947368421,-0.219815782922579,1.8105263157894738,3
G0046,6.1,2.233830790368868,3,10,45,0.3468253968253968,0.3739612188365651,1,1.0,7.018672326318072,4.020339671456803,1.898718454376826,11.557927160350868,0.039473684210526314,0.05108776763676027,1.7894736842105263,3
G0047,6.8,1.7776388834631176,3,10,46,0.33166666666666667,0.323943661971831,1,1.0,7.201439760488404,3.563996835226881,2.329325878252779,12.06713039461863,0.04035087719298246,-0.2711278667923342,1.6842105263157894,3
G0048,7.3,2.147091055358389,4,12,61,0.35852813852813853,0.3616600790513834,1,1.0,7.922020244840972,5.093479520838102,3.041763860800778,13.895139373487085,0.05350877192982456,-0.07956312034121268,1.6368421052631579,3
G0049,6.1,2.6438608132804573,2,13,43,0.37320901320901323,0.33858267716535434,1,1.0,7.039075868058926,4.170069929363754,1.6965049188939014,14.274263514332123,0.037719298245614034,-0.2699692407317466,1.7263157894736842,3
G0050,5.5,2.3345235059857505,0,10,29,0.3211111111111111,0.28807947019867547,2,0.95,6.444858024501243,3.9544269857951377,8.88158883645992e-16,11.787988644642533,0.02543859649122807,-0.181948424068768,1.760233918128655,3
G0051,4.0,0.0,4,4,7,0.35,0.35,1,1.0,3.9999999999999982,1.9999999999999973,2.0000000000000004,6.302775637731995,0.058333333333333334,0.0,1.5555555555555556,2
G0052,4.0,0.0,4,4,7,0.35,0.35,1,1.0,3.9999999999999996,1.7928013767069642,1.7928013767069644,6.688372594615647,0.058333333333333334,0.0,1.5555555555555556,2
G0053,4.0,0.0,4,4,5,0.25,0.25,1,1.0,4.0,2.0708069091576258,2.0708069091576267,6.868132470291589,0.041666666666666664,0.0,1.5777777777777777,3
G0054,4.0,0.0,4,4,6,0.3,0.3,1,1.0,4.0,1.8299135133739646,1.829913513373968,7.10709637672548,0.05,0.0,1.6,3
G0055,4.0,0.0,4,4,2,0.1,0.1,1,1.0,4.000000000000001,2.324869129433355,2.3248691294333543,7.514136929335293,0.016666666666666666,0.0,1.5555555555555556,2
G0056,4.0,0.0,4,4,8,0.4,0.4,1,1.0,3.9999999999999996,1.485863070664709,1.485863070664709,6.675130870566647,0.06666666666666667,0.0,1.6,3
G0057,4.0,0.0,4,4,4,0.2,0.2,1,1.0,3.999999999999999,2.3248691294333534,2.3248691294333526,7.170086486626035,0.03333333333333333,0.0,1.5555555555555556,2
G0058,4.0,0.0,4,4,5,0.25,0.25,1,1.0,3.9999999999999996,2.070806909157625,2.0708069091576258,6.868132470291586,0.041666666666666664,0.0,1.5777777777777777,3
G0059,4.0,0.0,4,4,2,0.1,0.1,1,1.0,3.9999999999999987,2.324869129433351,2.3248691294333534,7.51413692933529,0.016666666666666666,0.0,1.5555555555555556,2
G0060,4.0,0.0,4,4,8,0.4,0.4,1,1.0,4.0,1.4384471871911697,1.4384471871911693,6.999999999999999,0.06666666666666667,0.0,1.6666666666666667,3
G0061,4.0,0.0,4,4,8,0.3333333333333333,0.3333333333333333,1,1.0,3.999999999999999,1.3447227936044763,1.344722793604475,6.753303869434431,0.03636363636363636,0.0,1.7575757575757576,3
G0062,4.0,0.0,4,4,4,0.16666666666666666,0.16666666666666666,1,1.0,3.999999999999998,1.730411592013343,1.7304115920133483,7.258262694727124,0.01818181818181818,0.0,1.7424242424242424,3
G0063,4.0,0.0,4,4,3,0.125,0.125,1,1.0,4.000000000000003,1.7704317866044188,1.770431786604415,7.255977280536662,0.013636363636363636,0.0,1.7121212121212122,3
G0064,4.0,0.0,4,4,2,0.08333333333333333,0.08333333333333333,1,1.0,4.0,2.014202866613603,2.014202866613605,7.172657159310305,0.00909090909090909,0.0,1.6818181818181819,3
G0065,4.0,0.0,4,4,5,0.20833333333333334,0.20833333333333334,1,1.0,3.9999999999999996,1.9999999999999996,2.000000000000001,6.561552812808831,0.022727272727272728,0.0,1.6363636363636365,2
G0066,4.0,0.0,4,4,6,0.25,0.25,1,1.0,3.9999999999999956,1.4853735573225704,1.48537355732258,6.921927916810466,0.02727272727272727,0.0,1.7272727272727273,3
G0067,4.0,0.0,4,4,6,0.25,0.25,1,1.0,3.9999999999999973,1.5718605360251945,1.571860536025197,6.915099552354146,0.02727272727272727,0.0,1.7424242424242424,3
G0068,4.0,0.0,4,4,4,0.16666666666666666,0.16666666666666666,1,1.0,3.999999999999997,1.5458634437674004,1.545863443767403,7.1607200340468795,0.01818181818181818,0.0,1.7424242424242424,3
G0069,4.0,0.0,4,4,8,0.3333333333333333,0.3333333333333333,1,1.0,4.000000000000002,1.1048934840724711,1.10489348407247,6.81360650264833,0.03636363636363636,0.0,1.7878787878787878,3
G0070,4.0,0.0,4,4,4,0.16666666666666666,0.16666666666666666,1,1.0,4.000000000000001,2.0000000000000018,2.000000000000001,6.903211925911555,0.01818181818181818,0.0,1.7272727272727273,3
G0071,4.0,0.0,4,4,6,0.2,0.2,1,1.0,4.0000000000000036,1.0484998989301078,1.0484998989301004,7.313344516982358,0.013186813186813187,0.0,1.9714285714285715,3
G0072,4.0,0.0,4,4,6,0.2,0.2,1,1.0,4.000000000000003,1.0311967744447195,1.0311967744447186,7.2072051840731115,0.013186813186813187,0.0,1.9904761904761905,4
G0073,4.0,0.0,4,4,6,0.2,0.2,1,1.0,4.000000000000001,1.0503925658772975,1.050392565877296,7.086604534964464,0.013186813186813187,0.0,1.9714285714285715,3
G0074,4.0,0.0,4,4,6,0.2,0.2,1,1.0,4.0,1.2662260623124544,1.2662260623124528,7.3253487621044595,0.013186813186813187,0.0,1.9523809523809523,3
G0075,4.0,0.0,4,4,10,0.3333333333333333,0.3333333333333333,1,1.0,4.0,0.9504159883503318,0.9504159883503331,6.722359203818504,0.02197802197802198,0.0,2.019047619047619,3
G0076,4.0,0.0,4,4,7,0.23333333333333334,0.23333333333333334,1,1.0,4.000000000000002,1.2642552337800073,1.2642552337800046,7.18590888536209,0.015384615384615385,0.0,1.9428571428571428,3
G0077,4.0,0.0,4,4,8,0.26666666666666666,0.26666666666666666,1,1.0,3.9999999999999996,1.088562327019551,1.0885623270195515,6.887628984571032,0.017582417582417582,0.0,1.9333333333333333,3
G0078,4.0,0.0,4,4,4,0.13333333333333333,0.13333333333333333,1,1.0,3.999999999999999,1.645400298596213,1.6454002985962113,7.009749703346905,0.008791208791208791,0.0,1.8666666666666667,3
G0079,4.0,0.0,4,4,4,0.13333333333333333,0.13333333333333333,1,1.0,4.000000000000002,1.5042112444788582,1.504211244478858,7.0692778360572,0.008791208791208791,0.0,1.8476190476190477,3
G0080,4.0,0.0,4,4,1,0.03333333333333333,0.03333333333333333,1,1.0,3.9999999999999964,1.7718719559820468,1.7718719559820517,7.458741433289383,0.002197802197802198,0.0,1.9142857142857144,3
G0081,4.0,0.0,4,4,9,0.25,0.25,1,1.0,3.999999999999997,0.7000090371816468,0.7000090371816461,7.097854138039912,0.011029411764705883,0.0,2.189542483660131,4
G0082,4.0,0.0,4,4,12,0.3333333333333333,0.3333333333333333,1,1.0,3.999999999999999,0.9964785844659261,0.9964785844659262,6.880089928851542,0.014705882352941176,0.0,2.1176470588235294,3
G0083,4.0,0.0,4,4,3,0.08333333333333333,0.08333333333333333,1,1.0,4.0,1.5398485039229155,1.539848503922917,7.345848550419516,0.003676470588235294,0.0,2.0065359477124183,3
G0084,4.0,0.0,4,4,2,0.05555555555555555,0.05555555555555555,1,1.0,3.9999999999999987,1.6805962383778072,1.6805962383778092,7.315467371196458,0.0024509803921568627,0.0,1.9869281045751634,3
G0085,4.0,0.0,4,4,6,0.16666666666666666,0.16666666666666666,1,1.0,3.9999999999999996,0.9928860028011619,0.9928860028011581,7.026946122401482,0.007352941176470588,0.0,2.0980392156862746,4
G0086,4.0,0.0,4,4,7,0.19444444444444445,0.19444444444444445,1,1.0,4.0,0.9005714305258485,0.9005714305258476,7.22006707469894,0.00857843137254902,0.0,2.150326797385621,4
G0087,4.0,0.0,4,4,6,0.16666666666666666,0.16666666666666666,1,1.0,4.000000000000002,1.0958385114294824,1.0958385114294817,7.048616311432294,0.007352941176470588,0.0,2.052287581699346,3
G0088,4.0,0.0,4,4,10,0.2777777777777778,0.2777777777777778,1,1.0,3.999999999999999,0.7744246436860873,0.7744246436860902,6.983908442132398,0.012254901960784314,0.0,2.189542483660131,4
G0089,4.0,0.0,4,4,5,0.1388888888888889,0.1388888888888889,1,1.0,3.9999999999999964,1.2682161211137388,1.2682161211137455,7.0981534396405355,0.006127450980392157,0.0,2.0392156862745097,3
