feature_group,baseline_validation_regret,mean_regret_increase,std_regret_increase,repetitions
config_id,0.0203070521118048,0.015532653929192,0.0047934517661279,30
all_graph_structure,0.0203070521118048,0.0153818630200331,0.0045803973438781,30
configuration_descriptors,0.0203070521118048,0.0096812860088607,0.0035870920870678,30
noise_condition,0.0203070521118048,0.0064040380786038,0.0040118658786391,30
graph_family,0.0203070521118048,0.0032781609796082,0.0021430137900835,30
laplacian_spectral_radius,0.0203070521118048,0.0020807343160608,0.002008128942659,30
min_degree,0.0203070521118048,0.0018623967929106,0.0008468387850538,30
degree_std,0.0203070521118048,0.0017835472442053,0.0009590074223993,30
average_shortest_path_length,0.0203070521118048,0.0017656629299336,0.0005223801049561,30
adjacency_spectral_gap,0.0203070521118048,0.0016132541216425,0.0009450149492673,30
density,0.0203070521118048,0.0012856245967183,0.0005097888522791,30
num_edges,0.0203070521118048,0.0012068562808496,0.0004908257029537,30
average_clustering,0.0203070521118048,0.0010019232338693,0.0006510155601734,30
degree_assortativity,0.0203070521118048,0.0009826294188642,0.0004339143987184,30
max_degree,0.0203070521118048,0.0008719349094772,0.000605904509157,30
algebraic_connectivity,0.0203070521118048,0.0007994848338674,0.0005240718550528,30
triangle_density,0.0203070521118048,0.0007016159162092,0.0004755513689637,30
average_degree,0.0203070521118048,0.0005558981271437,0.0003573006073846,30
triangle_count,0.0203070521118048,0.0004267069476404,0.0004078905502138,30
num_nodes,0.0203070521118048,0.0004076429694919,0.0004824887298056,30
transitivity,0.0203070521118048,0.0003130764370623,0.0005659880885367,30
spectral_radius,0.0203070521118048,0.0003082977636012,0.0001471403251835,30
diameter,0.0203070521118048,0.0002145154274811,0.0003962688482045,30
component_count,0.0203070521118048,0.0,0.0,30
largest_component_fraction,0.0203070521118048,0.0,0.0,30
