graph_id,family,num_nodes,seed,probability,degree,graph_family,num_edges,graph_seed,degree_min,degree_max,degree_mean,density
G0001,erdos_renyi,10,10000,0.35,,erdos_renyi,12,10000,1,4,2.4,0.26666666666666666
G0002,erdos_renyi,10,10001,0.35,,erdos_renyi,14,10001,2,5,2.8,0.3111111111111111
G0003,erdos_renyi,10,10002,0.35,,erdos_renyi,15,10002,0,4,3.0,0.3333333333333333
G0004,erdos_renyi,10,10003,0.35,,erdos_renyi,16,10003,1,5,3.2,0.35555555555555557
G0005,erdos_renyi,10,10004,0.35,,erdos_renyi,12,10004,1,4,2.4,0.26666666666666666
G0006,erdos_renyi,10,10005,0.35,,erdos_renyi,14,10005,2,5,2.8,0.3111111111111111
G0007,erdos_renyi,10,10006,0.35,,erdos_renyi,16,10006,1,5,3.2,0.35555555555555557
G0008,erdos_renyi,10,10007,0.35,,erdos_renyi,15,10007,1,5,3.0,0.3333333333333333
G0009,erdos_renyi,10,10008,0.35,,erdos_renyi,17,10008,1,5,3.4,0.37777777777777777
G0010,erdos_renyi,10,10009,0.35,,erdos_renyi,15,10009,1,6,3.0,0.3333333333333333
G0011,erdos_renyi,12,10010,0.35,,erdos_renyi,25,10010,1,7,4.166666666666667,0.3787878787878788
G0012,erdos_renyi,12,10011,0.35,,erdos_renyi,22,10011,1,7,3.6666666666666665,0.3333333333333333
G0013,erdos_renyi,12,10012,0.35,,erdos_renyi,26,10012,1,8,4.333333333333333,0.3939393939393939
G0014,erdos_renyi,12,10013,0.35,,erdos_renyi,22,10013,2,5,3.6666666666666665,0.3333333333333333
G0015,erdos_renyi,12,10014,0.35,,erdos_renyi,23,10014,2,6,3.8333333333333335,0.3484848484848485
G0016,erdos_renyi,12,10015,0.35,,erdos_renyi,24,10015,1,7,4.0,0.36363636363636365
G0017,erdos_renyi,12,10016,0.35,,erdos_renyi,24,10016,1,6,4.0,0.36363636363636365
G0018,erdos_renyi,12,10017,0.35,,erdos_renyi,20,10017,1,6,3.3333333333333335,0.30303030303030304
G0019,erdos_renyi,12,10018,0.35,,erdos_renyi,25,10018,2,5,4.166666666666667,0.3787878787878788
G0020,erdos_renyi,12,10019,0.35,,erdos_renyi,27,10019,2,7,4.5,0.4090909090909091
G0021,erdos_renyi,15,10020,0.35,,erdos_renyi,39,10020,2,8,5.2,0.37142857142857144
G0022,erdos_renyi,15,10021,0.35,,erdos_renyi,32,10021,2,7,4.266666666666667,0.3047619047619048
G0023,erdos_renyi,15,10022,0.35,,erdos_renyi,30,10022,2,6,4.0,0.2857142857142857
G0024,erdos_renyi,15,10023,0.35,,erdos_renyi,35,10023,1,8,4.666666666666667,0.3333333333333333
G0025,erdos_renyi,15,10024,0.35,,erdos_renyi,34,10024,2,9,4.533333333333333,0.3238095238095238
G0026,erdos_renyi,15,10025,0.35,,erdos_renyi,37,10025,2,9,4.933333333333334,0.3523809523809524
G0027,erdos_renyi,15,10026,0.35,,erdos_renyi,35,10026,2,7,4.666666666666667,0.3333333333333333
G0028,erdos_renyi,15,10027,0.35,,erdos_renyi,40,10027,3,9,5.333333333333333,0.38095238095238093
G0029,erdos_renyi,15,10028,0.35,,erdos_renyi,40,10028,2,8,5.333333333333333,0.38095238095238093
G0030,erdos_renyi,15,10029,0.35,,erdos_renyi,37,10029,2,7,4.933333333333334,0.3523809523809524
G0031,erdos_renyi,18,10030,0.35,,erdos_renyi,59,10030,3,11,6.555555555555555,0.38562091503267976
G0032,erdos_renyi,18,10031,0.35,,erdos_renyi,60,10031,3,12,6.666666666666667,0.39215686274509803
G0033,erdos_renyi,18,10032,0.35,,erdos_renyi,54,10032,3,9,6.0,0.35294117647058826
G0034,erdos_renyi,18,10033,0.35,,erdos_renyi,46,10033,2,9,5.111111111111111,0.3006535947712418
G0035,erdos_renyi,18,10034,0.35,,erdos_renyi,50,10034,2,9,5.555555555555555,0.32679738562091504
G0036,erdos_renyi,18,10035,0.35,,erdos_renyi,60,10035,4,10,6.666666666666667,0.39215686274509803
G0037,erdos_renyi,18,10036,0.35,,erdos_renyi,49,10036,3,10,5.444444444444445,0.3202614379084967
G0038,erdos_renyi,18,10037,0.35,,erdos_renyi,53,10037,2,11,5.888888888888889,0.3464052287581699
G0039,erdos_renyi,18,10038,0.35,,erdos_renyi,52,10038,3,8,5.777777777777778,0.33986928104575165
G0040,erdos_renyi,18,10039,0.35,,erdos_renyi,65,10039,4,12,7.222222222222222,0.42483660130718953
G0041,erdos_renyi,20,10040,0.35,,erdos_renyi,68,10040,2,11,6.8,0.35789473684210527
G0042,erdos_renyi,20,10041,0.35,,erdos_renyi,64,10041,3,11,6.4,0.3368421052631579
G0043,erdos_renyi,20,10042,0.35,,erdos_renyi,62,10042,2,10,6.2,0.3263157894736842
G0044,erdos_renyi,20,10043,0.35,,erdos_renyi,85,10043,6,13,8.5,0.4473684210526316
G0045,erdos_renyi,20,10044,0.35,,erdos_renyi,56,10044,2,11,5.6,0.29473684210526313
G0046,erdos_renyi,20,10045,0.35,,erdos_renyi,61,10045,3,10,6.1,0.32105263157894737
G0047,erdos_renyi,20,10046,0.35,,erdos_renyi,68,10046,3,10,6.8,0.35789473684210527
G0048,erdos_renyi,20,10047,0.35,,erdos_renyi,73,10047,4,12,7.3,0.38421052631578945
G0049,erdos_renyi,20,10048,0.35,,erdos_renyi,61,10048,2,13,6.1,0.32105263157894737
G0050,erdos_renyi,20,10049,0.35,,erdos_renyi,55,10049,0,10,5.5,0.2894736842105263
G0051,random_regular,10,10050,,4.0,random_regular,20,10050,4,4,4.0,0.4444444444444444
G0052,random_regular,10,10051,,4.0,random_regular,20,10051,4,4,4.0,0.4444444444444444
G0053,random_regular,10,10052,,4.0,random_regular,20,10052,4,4,4.0,0.4444444444444444
G0054,random_regular,10,10053,,4.0,random_regular,20,10053,4,4,4.0,0.4444444444444444
G0055,random_regular,10,10054,,4.0,random_regular,20,10054,4,4,4.0,0.4444444444444444
G0056,random_regular,10,10055,,4.0,random_regular,20,10055,4,4,4.0,0.4444444444444444
G0057,random_regular,10,10056,,4.0,random_regular,20,10056,4,4,4.0,0.4444444444444444
G0058,random_regular,10,10057,,4.0,random_regular,20,10057,4,4,4.0,0.4444444444444444
G0059,random_regular,10,10058,,4.0,random_regular,20,10058,4,4,4.0,0.4444444444444444
G0060,random_regular,10,10059,,4.0,random_regular,20,10059,4,4,4.0,0.4444444444444444
G0061,random_regular,12,10060,,4.0,random_regular,24,10060,4,4,4.0,0.36363636363636365
G0062,random_regular,12,10061,,4.0,random_regular,24,10061,4,4,4.0,0.36363636363636365
G0063,random_regular,12,10062,,4.0,random_regular,24,10062,4,4,4.0,0.36363636363636365
G0064,random_regular,12,10063,,4.0,random_regular,24,10063,4,4,4.0,0.36363636363636365
G0065,random_regular,12,10064,,4.0,random_regular,24,10064,4,4,4.0,0.36363636363636365
G0066,random_regular,12,10065,,4.0,random_regular,24,10065,4,4,4.0,0.36363636363636365
G0067,random_regular,12,10066,,4.0,random_regular,24,10066,4,4,4.0,0.36363636363636365
G0068,random_regular,12,10067,,4.0,random_regular,24,10067,4,4,4.0,0.36363636363636365
G0069,random_regular,12,10068,,4.0,random_regular,24,10068,4,4,4.0,0.36363636363636365
G0070,random_regular,12,10069,,4.0,random_regular,24,10069,4,4,4.0,0.36363636363636365
G0071,random_regular,15,10070,,4.0,random_regular,30,10070,4,4,4.0,0.2857142857142857
G0072,random_regular,15,10071,,4.0,random_regular,30,10071,4,4,4.0,0.2857142857142857
G0073,random_regular,15,10072,,4.0,random_regular,30,10072,4,4,4.0,0.2857142857142857
G0074,random_regular,15,10073,,4.0,random_regular,30,10073,4,4,4.0,0.2857142857142857
G0075,random_regular,15,10074,,4.0,random_regular,30,10074,4,4,4.0,0.2857142857142857
G0076,random_regular,15,10075,,4.0,random_regular,30,10075,4,4,4.0,0.2857142857142857
G0077,random_regular,15,10076,,4.0,random_regular,30,10076,4,4,4.0,0.2857142857142857
G0078,random_regular,15,10077,,4.0,random_regular,30,10077,4,4,4.0,0.2857142857142857
G0079,random_regular,15,10078,,4.0,random_regular,30,10078,4,4,4.0,0.2857142857142857
G0080,random_regular,15,10079,,4.0,random_regular,30,10079,4,4,4.0,0.2857142857142857
G0081,random_regular,18,10080,,4.0,random_regular,36,10080,4,4,4.0,0.23529411764705882
G0082,random_regular,18,10081,,4.0,random_regular,36,10081,4,4,4.0,0.23529411764705882
G0083,random_regular,18,10082,,4.0,random_regular,36,10082,4,4,4.0,0.23529411764705882
G0084,random_regular,18,10083,,4.0,random_regular,36,10083,4,4,4.0,0.23529411764705882
G0085,random_regular,18,10084,,4.0,random_regular,36,10084,4,4,4.0,0.23529411764705882
G0086,random_regular,18,10085,,4.0,random_regular,36,10085,4,4,4.0,0.23529411764705882
G0087,random_regular,18,10086,,4.0,random_regular,36,10086,4,4,4.0,0.23529411764705882
G0088,random_regular,18,10087,,4.0,random_regular,36,10087,4,4,4.0,0.23529411764705882
G0089,random_regular,18,10088,,4.0,random_regular,36,10088,4,4,4.0,0.23529411764705882
G0090,random_regular,18,10089,,4.0,random_regular,36,10089,4,4,4.0,0.23529411764705882
G0091,random_regular,20,10090,,4.0,random_regular,40,10090,4,4,4.0,0.21052631578947367
G0092,random_regular,20,10091,,4.0,random_regular,40,10091,4,4,4.0,0.21052631578947367
G0093,random_regular,20,10092,,4.0,random_regular,40,10092,4,4,4.0,0.21052631578947367
G0094,random_regular,20,10093,,4.0,random_regular,40,10093,4,4,4.0,0.21052631578947367
G0095,random_regular,20,10094,,4.0,random_regular,40,10094,4,4,4.0,0.21052631578947367
G0096,random_regular,20,10095,,4.0,random_regular,40,10095,4,4,4.0,0.21052631578947367
G0097,random_regular,20,10096,,4.0,random_regular,40,10096,4,4,4.0,0.21052631578947367
G0098,random_regular,20,10097,,4.0,random_regular,40,10097,4,4,4.0,0.21052631578947367
G0099,random_regular,20,10098,,4.0,random_regular,40,10098,4,4,4.0,0.21052631578947367
G0100,random_regular,20,10099,,4.0,random_regular,40,10099,4,4,4.0,0.21052631578947367
