graph_id,noise_condition,selected_config_id,shots,selected_quality,feasibility_shots,predicted_quality,predicted_rank,oracle_config_id,oracle_quality,oracle_predicted_rank,budget,regret,selected_is_oracle,oracle_in_top3,fixed_config_id,fixed_quality,random_expected_quality,ml_minus_fixed
G0010,N0,C11,256,0.6668526785714286,256,0.6654365485830218,1,C11,0.6668526785714286,1,B256,0.0,True,True,C05,0.5844029017857143,0.6117931547619048,0.0824497767857143
G0010,N1,C07,256,0.6116071428571428,256,0.6491919390055624,1,C11,0.6336495535714286,2,B256,0.0220424107142858,False,True,C05,0.5835658482142857,0.60009765625,0.028041294642857
G0010,N2,C07,256,0.5969587053571428,256,0.6366066494628897,1,C07,0.5969587053571428,1,B256,0.0,True,True,C03,0.5955636160714286,0.5825660342261905,0.0013950892857141
G0026,N0,C11,256,0.6864872685185186,256,0.7007601745288655,1,C01,0.6865596064814814,3,B256,7.233796296279849e-05,False,True,C05,0.6817853009259258,0.6823519483024691,0.0047019675925927
G0026,N1,C11,256,0.6899594907407407,256,0.6900720808786948,1,C11,0.6899594907407407,1,B256,0.0,True,True,C05,0.6824363425925926,0.6840277777777778,0.0075231481481481
G0026,N2,C01,256,0.6793981481481481,256,0.6816595138270972,1,C11,0.6871383101851852,3,B256,0.007740162037037,False,True,C03,0.6795428240740741,0.6821469907407408,-0.0001446759259259
G0028,N0,C11,256,0.7184349798387097,256,0.7277601860192887,1,C01,0.752016129032258,5,B256,0.0335811491935482,False,False,C05,0.6665196572580645,0.705151629704301,0.0519153225806452
G0028,N1,C11,256,0.6866809475806451,256,0.7159509390299885,1,C01,0.7397933467741935,3,B256,0.0531123991935483,False,True,C05,0.6705519153225806,0.6912592405913979,0.0161290322580645
G0028,N2,C01,256,0.707976310483871,256,0.7006986683556944,1,C01,0.707976310483871,1,B256,0.0,True,True,C03,0.6735761088709677,0.6694178427419355,0.0344002016129032
G0029,N0,C11,256,0.6848733836206897,256,0.7454421878189778,1,C07,0.7048760775862069,5,B256,0.0200026939655171,False,False,C05,0.6851427801724138,0.6898123204022989,-0.000269396551724
G0029,N1,C11,256,0.6899245689655172,256,0.7351169555443942,1,C01,0.6940328663793103,2,B256,0.004108297413793,False,True,C05,0.6765220905172413,0.6876010237068965,0.0134024784482759
G0029,N2,C01,256,0.6901939655172413,256,0.7141509470006531,1,C09,0.693359375,4,B256,0.0031654094827586,False,False,C03,0.6898572198275862,0.6889255567528735,0.0003367456896551
G0042,N0,C07,256,0.6572265625,256,0.7148508596247025,1,C01,0.6693115234375,5,B256,0.0120849609375,False,False,C05,0.6660563151041667,0.6643473307291666,-0.0088297526041667
G0042,N1,C07,256,0.6664632161458333,256,0.7130841002686844,1,C11,0.6698811848958334,3,B256,0.0034179687500001,False,True,C05,0.6656494140625,0.6671142578125,0.0008138020833332
G0042,N2,C07,256,0.663818359375,256,0.7036555616991064,1,C03,0.6669921875,2,B256,0.003173828125,False,True,C03,0.6669921875,0.6638590494791666,-0.003173828125
G0048,N0,C11,256,0.705078125,256,0.7026217821398265,1,C09,0.7097077546296295,2,B256,0.0046296296296295,False,True,C05,0.6733579282407407,0.6868067611882717,0.0317201967592593
G0048,N1,C11,256,0.694408275462963,256,0.6972693223444382,1,C09,0.6982783564814815,2,B256,0.0038700810185184,False,True,C05,0.683666087962963,0.687059944058642,0.0107421875
G0048,N2,C07,256,0.6805193865740741,256,0.6945004994115618,1,C09,0.681712962962963,3,B256,0.0011935763888889,False,True,C03,0.6786024305555556,0.6793619791666666,0.0019169560185184
G0049,N0,C09,256,0.6826388888888889,256,0.7081509976956738,1,C11,0.7010416666666667,2,B256,0.0184027777777777,False,True,C05,0.6727864583333334,0.6824725115740741,0.0098524305555555
G0049,N1,C09,256,0.6815538194444444,256,0.6964168100366486,1,C11,0.685546875,5,B256,0.0039930555555556,False,False,C05,0.6796875,0.6792896412037037,0.0018663194444443
G0049,N2,C01,256,0.6805121527777778,256,0.691177348695647,1,C05,0.6860677083333333,6,B256,0.0055555555555555,False,False,C03,0.6708333333333334,0.6815248842592593,0.0096788194444443
G0050,N0,C01,256,0.6818311737804879,256,0.7033904034972611,1,C11,0.6887862042682926,4,B256,0.0069550304878047,False,False,C05,0.6779249237804879,0.6779725609756099,0.00390625
G0050,N1,C01,256,0.6753048780487805,256,0.702547223903522,1,C11,0.6764481707317074,5,B256,0.0011432926829268,False,False,C05,0.67578125,0.6722799161585366,-0.0004763719512195
G0050,N2,C01,256,0.6738757621951219,256,0.6985165257449194,1,C01,0.6738757621951219,1,B256,0.0,True,True,C03,0.6713986280487805,0.6702553353658537,0.0024771341463414
G0068,N0,C05,256,0.7732421875,256,0.763515972616703,1,C05,0.7732421875,1,B256,0.0,True,True,C05,0.7732421875,0.6990234375000001,0.0
G0068,N1,C05,256,0.7228515625,256,0.7326830895387355,1,C05,0.7228515625,1,B256,0.0,True,True,C05,0.7228515625,0.67919921875,0.0
G0068,N2,C03,256,0.6474609375,256,0.703286397168709,1,C05,0.6703125,2,B256,0.0228515624999999,False,True,C03,0.6474609375,0.6473307291666667,0.0
G0070,N0,C03,256,0.6888671875000001,256,0.7955313283595025,1,C09,0.806640625,3,B256,0.1177734374999999,False,True,C05,0.76015625,0.7276692708333333,-0.0712890624999998
G0070,N1,C03,256,0.6716796875,256,0.7748405877876839,1,C09,0.76875,4,B256,0.0970703125,False,False,C05,0.7333984375,0.7032552083333333,-0.06171875
G0070,N2,C03,256,0.662890625,256,0.7389673721804085,1,C09,0.696484375,4,B256,0.03359375,False,False,C03,0.662890625,0.66650390625,0.0
G0079,N0,C03,256,0.8116861979166666,256,0.7846891533938549,1,C09,0.8572591145833333,3,B256,0.0455729166666666,False,True,C05,0.8216145833333333,0.7903645833333334,-0.0099283854166666
G0079,N1,C03,256,0.7937825520833333,256,0.7695250483366186,1,C09,0.8043619791666667,4,B256,0.0105794270833334,False,False,C05,0.7620442708333333,0.7561848958333334,0.03173828125
G0079,N2,C03,256,0.7574869791666667,256,0.732494135628969,1,C03,0.7574869791666667,1,B256,0.0,True,True,C03,0.7574869791666667,0.7108018663194445,0.0
G0081,N0,C03,256,0.7257254464285714,256,0.7793235698595925,1,C05,0.8155691964285714,3,B256,0.08984375,False,True,C05,0.8155691964285714,0.7414434523809524,-0.08984375
G0081,N1,C03,256,0.7165178571428572,256,0.7559218838360632,1,C05,0.7700892857142858,3,B256,0.0535714285714286,False,True,C05,0.7700892857142858,0.7203776041666666,-0.0535714285714286
G0081,N2,C03,256,0.7018694196428572,256,0.7264324061981523,1,C05,0.7124720982142857,3,B256,0.0106026785714284,False,True,C03,0.7018694196428572,0.6940569196428572,0.0
G0082,N0,C05,256,0.8173828125,256,0.8009907330478444,1,C05,0.8173828125,1,B256,0.0,True,True,C05,0.8173828125,0.7506510416666666,0.0
G0082,N1,C03,256,0.7953404017857142,256,0.777492011234932,1,C03,0.7953404017857142,1,B256,0.0,True,True,C05,0.7816685267857143,0.7326776413690476,0.0136718749999998
G0082,N2,C03,256,0.7576729910714286,256,0.749476878808002,1,C03,0.7576729910714286,1,B256,0.0,True,True,C03,0.7576729910714286,0.7007765997023809,0.0
G0087,N0,C09,256,0.708984375,256,0.80979895907185,1,C05,0.7786458333333333,3,B256,0.0696614583333332,False,True,C05,0.7786458333333333,0.7318576388888888,-0.0696614583333332
G0087,N1,C03,256,0.7494791666666667,256,0.7838899671421646,1,C03,0.7494791666666667,1,B256,0.0,True,True,C05,0.7337239583333333,0.7067708333333332,0.0157552083333334
G0087,N2,C03,256,0.7092447916666667,256,0.7512182022713954,1,C03,0.7092447916666667,1,B256,0.0,True,True,C03,0.7092447916666667,0.6699652777777777,0.0
G0094,N0,C09,256,0.825439453125,256,0.8012084301515607,1,C09,0.825439453125,1,B256,0.0,True,True,C05,0.800537109375,0.7909952799479166,0.02490234375
G0094,N1,C03,256,0.7745361328125,256,0.7742880708550122,1,C09,0.780029296875,2,B256,0.0054931640625,False,True,C05,0.7626953125,0.7550862630208334,0.0118408203125
G0094,N2,C03,256,0.73828125,256,0.741419629973551,1,C03,0.73828125,1,B256,0.0,True,True,C03,0.73828125,0.70648193359375,0.0
G0010,N0,C12,512,0.6906389508928572,512,0.6654973672404834,1,C12,0.6906389508928572,1,B512,0.0,True,True,C06,0.595703125,0.6116420200892857,0.0949358258928572
G0010,N1,C02,512,0.6162806919642857,512,0.6568238135989574,1,C12,0.6614815848214286,2,B512,0.0452008928571429,False,True,C06,0.5905412946428572,0.6018182663690476,0.0257393973214284
G0010,N2,C02,512,0.6028180803571428,512,0.6470594372872376,1,C12,0.6128627232142857,4,B512,0.0100446428571429,False,False,C04,0.5848214285714286,0.5834379650297619,0.0179966517857141
G0026,N0,C06,512,0.6764684606481481,512,0.7018844146884341,1,C12,0.6902488425925926,2,B512,0.0137803819444444,False,True,C06,0.6764684606481481,0.6831386236496914,0.0
G0026,N1,C06,512,0.6830512152777778,512,0.6934044398479305,1,C12,0.6913700810185185,3,B512,0.0083188657407407,False,True,C06,0.6830512152777778,0.6846004533179012,0.0
G0026,N2,C06,512,0.6834129050925926,512,0.6840925798797846,1,C12,0.6909722222222222,10,B512,0.0075593171296296,False,False,C04,0.6799406828703703,0.6826804832175926,0.0034722222222222
G0028,N0,C12,512,0.7408329133064516,512,0.729063334043069,1,C01,0.752016129032258,11,B512,0.0111832157258063,False,False,C06,0.670835433467742,0.701011739751344,0.0699974798387096
G0028,N1,C06,512,0.6637159778225806,512,0.7203646042873224,1,C01,0.7397933467741935,8,B512,0.0760773689516128,False,False,C06,0.6637159778225806,0.6866625714045699,0.0
G0028,N2,C06,512,0.6516192036290323,512,0.7060834651274631,1,C01,0.707976310483871,2,B512,0.0563571068548387,False,True,C04,0.6751512096774194,0.6673019573252689,-0.0235320060483871
G0029,N0,C11,256,0.6848733836206897,256,0.7454421878189778,1,C07,0.7048760775862069,11,B512,0.0200026939655171,False,False,C06,0.6892174030172413,0.6912238460847702,-0.0043440193965516
G0029,N1,C11,256,0.6899245689655172,256,0.7351169555443942,1,C10,0.6948747306034483,11,B512,0.004950161637931,False,False,C06,0.6831223060344827,0.68896484375,0.0068022629310345
G0029,N2,C02,512,0.6951778017241379,512,0.7156870440830112,1,C02,0.6951778017241379,1,B512,0.0,True,True,C04,0.6896551724137931,0.6890462239583334,0.0055226293103447
G0042,N0,C06,512,0.6683349609375,512,0.7206026353266339,1,C08,0.6811930338541667,6,B512,0.0128580729166667,False,False,C06,0.6683349609375,0.667022705078125,0.0
G0042,N1,C06,512,0.6693522135416666,512,0.7190154996892909,1,C08,0.6765543619791667,4,B512,0.0072021484375001,False,False,C06,0.6693522135416666,0.6674618191189237,0.0
G0042,N2,C06,512,0.6695556640625,512,0.7082771414321232,1,C08,0.67449951171875,5,B512,0.00494384765625,False,False,C04,0.67010498046875,0.665683322482639,-0.00054931640625
G0048,N0,C12,512,0.6856734664351851,512,0.7048973806382792,1,C10,0.7268880208333333,7,B512,0.0412145543981481,False,False,C06,0.6774811921296297,0.6868248456790123,0.0081922743055554
G0048,N1,C06,512,0.6818033854166666,512,0.7024381629522916,1,C10,0.7035047743055556,11,B512,0.0217013888888889,False,False,C06,0.6818033854166666,0.6862355926890432,0.0
G0048,N2,C06,512,0.6816767939814814,512,0.7011404279529321,1,C10,0.6834671585648149,9,B512,0.0017903645833334,False,False,C04,0.6802842881944444,0.6800763165509259,0.0013925057870369
G0049,N0,C09,256,0.6826388888888889,256,0.7081509976956738,1,C12,0.7298611111111111,2,B512,0.0472222222222221,False,True,C06,0.6844835069444444,0.6878851996527778,-0.0018446180555554
G0049,N1,C09,256,0.6815538194444444,256,0.6964168100366486,1,C12,0.7044270833333333,5,B512,0.0228732638888888,False,False,C06,0.6875,0.6826316550925925,-0.0059461805555556
G0049,N2,C01,256,0.6805121527777778,256,0.691177348695647,1,C06,0.6863932291666667,4,B512,0.0058810763888889,False,False,C04,0.6738498263888889,0.6820638020833334,0.0066623263888888
G0050,N0,C12,512,0.6892863948170731,512,0.7055540259954903,1,C12,0.6892863948170731,1,B512,0.0,True,True,C06,0.6774723704268293,0.6773651867378049,0.0118140243902438
G0050,N1,C01,256,0.6753048780487805,256,0.702547223903522,1,C12,0.6796875,3,B512,0.0043826219512195,False,True,C06,0.6734946646341463,0.6731373856707318,0.0018102134146341
G0050,N2,C01,256,0.6738757621951219,256,0.6985165257449194,1,C02,0.6762576219512195,2,B512,0.0023818597560976,False,True,C04,0.6735899390243902,0.6718948488313008,0.0002858231707316
G0068,N0,C06,512,0.76953125,512,0.778199001888316,1,C10,0.830078125,2,B512,0.060546875,False,True,C06,0.76953125,0.7157796223958334,0.0
G0068,N1,C04,512,0.72314453125,512,0.7457373608445484,1,C10,0.77568359375,2,B512,0.0525390624999999,False,True,C06,0.73017578125,0.6924316406250001,-0.00703125
G0068,N2,C04,512,0.6932617187500001,512,0.7160713808809446,1,C10,0.7033203125,4,B512,0.0100585937499999,False,False,C04,0.6932617187500001,0.6575846354166667,0.0
G0070,N0,C06,512,0.759765625,512,0.7988093046513286,1,C10,0.83134765625,4,B512,0.0715820312499999,False,False,C06,0.759765625,0.7353759765625,0.0
G0070,N1,C04,512,0.73857421875,512,0.7787522481166197,1,C10,0.7762695312500001,4,B512,0.0376953125000001,False,False,C06,0.7119140625,0.7089274088541666,0.0266601562499999
G0070,N2,C04,512,0.7056640625,512,0.7400476387177706,1,C02,0.715625,3,B512,0.0099609374999999,False,True,C04,0.7056640625,0.6706949869791666,0.0
G0079,N0,C10,512,0.8417154947916667,512,0.8014373612975988,1,C09,0.8572591145833333,6,B512,0.0155436197916665,False,False,C06,0.801025390625,0.7906697591145834,0.0406901041666667
G0079,N1,C04,512,0.7888997395833334,512,0.7734682835873067,1,C09,0.8043619791666667,8,B512,0.0154622395833333,False,False,C06,0.755615234375,0.7563340928819443,0.0332845052083333
G0079,N2,C04,512,0.7547200520833333,512,0.7383066156121143,1,C02,0.757568359375,3,B512,0.0028483072916667,False,True,C04,0.7547200520833333,0.7112698025173612,0.0
G0081,N0,C06,512,0.8250558035714286,512,0.8063875448471627,1,C10,0.8881138392857143,6,B512,0.0630580357142857,False,False,C06,0.8250558035714286,0.7719552176339285,0.0
G0081,N1,C04,512,0.7940150669642857,512,0.7631171209517942,1,C10,0.8210100446428572,7,B512,0.0269949776785715,False,False,C06,0.7783900669642857,0.7445184616815476,0.015625
G0081,N2,C04,512,0.7647181919642857,512,0.7406481503761885,1,C02,0.76611328125,3,B512,0.0013950892857143,False,True,C04,0.7647181919642857,0.7108386811755952,0.0
G0082,N0,C06,512,0.8187081473214286,512,0.8341250366145339,1,C10,0.8558175223214286,2,B512,0.037109375,False,True,C06,0.8187081473214286,0.7662237258184524,0.0
G0082,N1,C04,512,0.7913643973214286,512,0.7993853092929374,1,C10,0.7971540178571429,3,B512,0.0057896205357143,False,True,C06,0.7835518973214286,0.7441929408482143,0.0078125
G0082,N2,C04,512,0.7560686383928571,512,0.7682561390492388,1,C03,0.7576729910714286,2,B512,0.0016043526785715,False,True,C04,0.7560686383928571,0.7086704799107143,0.0
G0087,N0,C10,512,0.7057942708333333,512,0.8325610868853119,1,C05,0.7786458333333333,6,B512,0.0728515624999999,False,False,C06,0.7765625,0.7265299479166667,-0.0707682291666667
G0087,N1,C03,256,0.7494791666666667,256,0.7838899671421646,1,C03,0.7494791666666667,1,B512,0.0,True,True,C06,0.7363932291666666,0.7018174913194444,0.0130859375
G0087,N2,C03,256,0.7092447916666667,256,0.7512182022713954,1,C02,0.7099609375,8,B512,0.0007161458333333,False,False,C04,0.6578125,0.6671006944444445,0.0514322916666666
G0094,N0,C10,512,0.8431396484375,512,0.8131912468395092,1,C10,0.8431396484375,1,B512,0.0,True,True,C06,0.8160400390625,0.7910257975260416,0.027099609375
G0094,N1,C03,256,0.7745361328125,256,0.7742880708550122,1,C10,0.7938232421875,2,B512,0.019287109375,False,True,C06,0.771240234375,0.7570648193359375,0.0032958984375
G0094,N2,C03,256,0.73828125,256,0.741419629973551,1,C02,0.7451171875,4,B512,0.0068359375,False,False,C04,0.7440185546875,0.7084096272786459,-0.0057373046875
