label,mean,std,median,n,noise_condition
fixed,0.7040419925228328,0.05739652253980658,0.6834129050925926,45,ALL
random,0.688650805383314,0.042398904994593464,0.6839554398148149,45,ALL
oracle,0.7378193330339953,0.06227533143878802,0.715625,45,ALL
fixed,0.7271123472101262,0.07136454893971246,0.6892174030172413,15,N0
random,0.7277440443035378,0.07138408461418563,0.705078125,15,N0
oracle,0.7699606866620605,0.07407565401898544,0.752016129032258,15,N0
fixed,0.7066574375548372,0.05278349160250991,0.6875,15,N1
random,0.6952994225349233,0.051475106505645504,0.6912042025862069,15,N1
oracle,0.7379650025570985,0.0536601559543563,0.7397933467741935,15,N1
fixed,0.678356192803535,0.03449979468827807,0.6799232219827587,15,N2
random,0.6815541952733288,0.03782040297643151,0.6841001157407407,15,N2
oracle,0.7055323098828264,0.03997842313673307,0.7033203125,15,N2
